record	0.651514323496
document	0.158712735987
publication	0.121375955881
photograph	0.1184682805
nontextual records	0.117976174022
essential records	0.117144512883
vital records	0.113694821612
emergency-operating records	0.110466516447
special records	0.107883773574
business records	0.107653359669
material	0.107362444413
record copy	0.107094668691
important records	0.107016825176
papers	0.104387847033
structure	0.0956539306386
official record	0.094983681606
corporate records	0.0943098580327
content	0.0938251760221
graphic records	0.0933941897668
textual records	0.0933316596261
organizational records	0.092079820464
architectural records	0.0913589060534
public record	0.0913438825474
inactive records	0.0912930274206
local records	0.090101727938
semicurrent records	0.0900955617548
archival records	0.0835736167517
permanent records	0.0835736167517
narrative record	0.0827720002833
copy	0.0827250794724
engineering records	0.0821523559846
visual materials	0.0820897636196
frozen records	0.0817630178234
information	0.0814602817729
aggregated records	0.0807692479276
administrative records	0.0805232372115
program records	0.0804872309293
recordation	0.0803630375315
electronic record	0.0803397145046
nonrecords	0.0803335551298
transitory record	0.0803030082996
agency record	0.0802940208604
input records	0.0802057891309
data record	0.0802057891309
contingent records	0.0802057891309
accession record	0.0790261975979
presidential records	0.0790261975979
temporary record	0.0790261975979
printed records	0.0790261975979
operational records	0.0790261975979
municipal records	0.0790261975979
noncurrent records	0.0790261975979
housekeeping records	0.0790261975979
memorial record	0.0790261975979
facilitative records	0.0790261975979
supporting records	0.0790261975979
conventional records	0.0790261975979
notarial record	0.0790261975979
dispositive record	0.0790261975979
estray record	0.0790261975979
associated records	0.0790261975979
current records	0.0790261975979
probative record	0.0790261975979
catalog record	0.0790261975979
image	0.049475835924
picture	0.0456142711152
security copy	0.0404216909528
drawing	0.0390509990516
nonprint materials	0.0378996214337
archives	0.0374914507166
moving image	0.0357039962595
print	0.0353356420225
manuscript	0.0334325442077
report	0.0308832387195
text	0.0302294286042
video	0.0302165151376
original	0.0292447739985
business continuation and disaster recovery	0.0284420407824
rights-and-interests records	0.0279906275782
context	0.0263897062951
design drawing	0.0257729555965
official files	0.0245024427165
object	0.0241161801329
compound document	0.0222864443353
digital document	0.0222761495776
graphic	0.0214869703335
architectural drawing	0.0214237269759
grey literature	0.0210112888311
quasi-publication	0.0210112888311
pigment print	0.0206999376495
ambrotype	0.0201881283524
ancient documents	0.0200169372023
business archives	0.0198310795886
backup	0.0197780111076
leaflet	0.0197646835868
formatted document	0.0195420668453
pamphlet	0.0194765302039
brochure	0.0194765302039
oblique	0.0194624187185
dynamic document	0.0192456246791
miscellaneous documents	0.0192456246791
four-corners document	0.0192456246791
elevation	0.0192071544677
film	0.0191502900931
cased photographs	0.0191208080524
card-mounted photographs	0.0187080742161
version	0.0184311063276
replica	0.0184099424828
corporate archives	0.0183876782151
tintype	0.0181202308039
motion picture	0.0177595007739
electrostatic process	0.0177433985778
artifact	0.0173329792718
specimen	0.0170742641869
aerial photograph	0.017001015593
manuscript collection	0.0169935661889
negative	0.0169169995908
positive	0.0169169995908
microphotography	0.0169128391657
format	0.016905620368
stereograph	0.0168849590175
gum print	0.0168781708141
lantern slide	0.0168538753666
daguerreotype	0.0166866849463
cabinet card	0.0166366338082
resource	0.0164296843941
photomicrography	0.0164189038863
slide	0.0164117509185
family papers	0.0161526501096
architectural rendering	0.0158123880269
cyanotype	0.0154296599778
combination printing	0.0152717172174
duplicate	0.0150170527975
microform publication	0.0147172167304
open access publication	0.0147172167304
booklet	0.0147172167304
near-print document	0.0147172167304
separation	0.0146523565985
digital photograph	0.014593237508
gelatin silver photograph	0.0145857565042
movie still	0.0145824550428
original order	0.0143712130566
transparency	0.0143679921689
photographic print	0.0143679921689
telephotography	0.0143679921689
printing-out paper	0.0143679921689
albumen photograph	0.0143679921689
electrophotography	0.0143679921689
chlorobromide photograph	0.0143679921689
stock shot	0.0143679921689
stop-motion photography	0.0143679921689
snapshot	0.0143679921689
rephotography	0.0143679921689
facsimile	0.0137583626672
business exception rule	0.0137115808428
photocopy	0.013677523363
duplicate original	0.0135795829027
edition	0.0134650476012
administrative value	0.0123423135008
reformat	0.0122721329844
counterfeit	0.0122276228624
operational value	0.0120454382474
dubbing	0.0118538338826
engrossed copy	0.0118225320012
forgery	0.0117388486299
constructive notice	0.0114824777866
fair copy	0.0114664578788
imitative copy	0.0114173192482
reference copy	0.0114173192482
simple copy	0.0114173192482
information copy	0.0114173192482
freeze	0.0112817789339
hold order	0.0112817789339
active records	0.0110693641569
file	0.0110208898239
microcopy	0.0108941784937
machine-readable	0.0108286363456
authentic copy	0.0108041027607
nonofficial papers	0.0107779721575
reprographics	0.0107667518488
disclosure-free extract	0.0105916654534
ephemeral value	0.0105260529872
Freedom of Information Act	0.0104520105873
letterpress copybook	0.0102497449239
collection	0.0102122325765
hard copy	0.0101848128622
contact copy	0.0101825437089
preservation copy	0.0101825437089
iconography	0.010104123679
actionable information	0.0100424977131
use copy	0.0100327902375
blueline	0.0100327902375
figured copy	0.0100327902375
true copy	0.0100327902375
carbon copy	0.0100327902375
file copy	0.0100327902375
generation	0.0100327902375
soft copy	0.0100327902375
action copy	0.0100327902375
preservation photocopy	0.0100327902375
transcript	0.0100327902375
certified copy	0.0100327902375
direct image film	0.0100327902375
data	0.0100240643286
audiovisual	0.00995552379945
retention period	0.00972455024139
logical record	0.00972455024139
master file	0.00972455024139
fonds	0.00939182107648
realia	0.00933045759043
blueprint	0.00875472621928
technical drawing	0.00865498065941
personal papers	0.0085596981096
perspective	0.00852865786831
engineering drawing	0.00838355536239
reproduction	0.00813122432162
measured drawing	0.00733396117109
as-built drawing	0.00733396117109
scene	0.0071768635209
microfilm	0.00710251712442
movie	0.00701646184305
provenance	0.00698008406653
Academy format	0.00689405524203
impression	0.00652482196237
value	0.00651317134761
photomechanical	0.00649293132575
thermography	0.00643692951932
split screen	0.0063803492146
academy format	0.0063803492146
authenticity	0.00636027111079
projection	0.00607405479533
shot	0.00600891565165
artificial collection	0.00600705158938
sequence	0.00592892523127
dye transfer process	0.00567578848098
composite	0.00559984779356
dark archives	0.00558905208191
light archives	0.00558905208191
collodion photographs	0.00537657977804
wet collodion	0.00537657977804
scale	0.00535635742115
collotype	0.00524527298186
institutional archives	0.00517489805981
collecting archives	0.00517489805981
halftone	0.0050726413754
imbibition process	0.00497354481082
cue mark	0.00492742434387
B reel	0.00492742434387
A reel	0.00492742434387
work print	0.00492742434387
rushes	0.00492742434387
changeover cue	0.00492742434387
repository	0.00483278348018
removed archives	0.00480094241306
screening	0.00468310354999
brownprint	0.0046747862724
birds-eye view	0.00462809735375
nonbook materials	0.00459659014876
micrographics	0.0045667237103
joint archives	0.00454741915385
total archives	0.00454741915385
photographic archives	0.00454741915385
migrated archives	0.00454741915385
manuscript repository	0.00454741915385
iconographic archives	0.00454741915385
letterpress	0.00450218981635
etching	0.00441509925347
engraving	0.00441509925347
documentary	0.00439790150583
episode	0.00439547386691
clip	0.00439449457635
screenplay	0.00432986559397
trailer	0.00432986559397
outtake	0.00432986559397
time lapse photography	0.00432986559397
rough cut	0.00432986559397
LaserDisc	0.00431917037814
videodisc	0.00431917037814
genuine	0.00431810518838
plate	0.00428523512995
lithography	0.00428523512995
annual report	0.00426268210479
corporate report	0.00426268210479
reprint	0.00417979431407
intrinsic element	0.00411910353873
polarity	0.00410282916115
literary manuscripts	0.00405492711579
cityscape	0.00386274833409
writing	0.00372327254099
television	0.00371908921847
PAL	0.0036643932937
SECAM	0.0036643932937
laserdisc	0.0036643932937
MII	0.0036643932937
National Television Systems Committee	0.0036643932937
disaster plan	0.0035011831026
digital object	0.00348445706391
dispersal	0.00344969127111
archival bond	0.0034451440699
fake	0.00344192366349
Encoded Archival Context	0.00336455773421
evidence	0.0033561795711
data object	0.00334734683344
brownline	0.00321262800053
class	0.00313326814263
widescreen	0.00303249043319
cinematography	0.00300462015746
access	0.00300107090288
item	0.0029684620868
record group	0.00293744005191
print film	0.00287605366145
manuscript group	0.00282234699152
Open Document Architecture	0.00279686296351
primary value	0.0027091240818
born digital	0.00270166730111
folder	0.00266451007444
data file	0.00265035684036
arrangement	0.00263675311694
computer-aided design	0.00259845770428
cartography	0.00250968455075
flat file	0.00244470595047
restore	0.00243532911807
oblique view	0.00236055817758
sheet film	0.00235688288028
vertical aerial	0.00234612559503
oblique aerial	0.00234612559503
segregation	0.00234468884265
portrait orientation	0.00233342580969
landscape orientation	0.00233342580969
roll film	0.00232222086743
union case	0.0023186927774
carte-de-visite	0.00226864163934
news film	0.00218633230857
celluloid	0.00215369842735
newsreel	0.00215369842735
noise	0.00213362808766
Cascading Style Sheet	0.00209192615281
hearsay rule	0.00207000307216
letter box	0.00205048362063
stereoscopic photography	0.00204752863551
magic lantern	0.00204375874964
stereopticon	0.00204375874964
web page	0.00202244221532
Resource Description Framework	0.00199269823924
scanning	0.00185718935366
multiple exposure	0.0018518695565
filing unit	0.00184921756205
fraud	0.00184093032443
black-and-white photograph	0.00179550529763
letterbook	0.00178890842186
digital	0.00177876147976
frame enlargement	0.00176828461313
filing system	0.00175415977183
restoration of original order	0.00174305032972
definitive edition	0.00168620486438
privacy	0.00168599928436
work	0.00166070160934
bill	0.00165741553055
confidential	0.00163781237022
enrolled bill	0.00163467338831
automated	0.00162678143584
electronic	0.00160285630199
worms-eye view	0.00159549239612
dossier	0.00156106417912
migration	0.00155718679726
seascape	0.00152356938981
landscape	0.00152356938981
imaging	0.00148523238142
sunshine law	0.00146461638753
open records law	0.00144540530863
Albertype	0.00142350614641
convenience file	0.0013831370362
knowledge management	0.00136794318076
suspense file	0.00133683993365
analog	0.00131351690671
redaction	0.0012843876297
output	0.00125348536633
microform	0.00124817999704
archival value	0.00124583289379
preservation transfer copy	0.00123477553928
contact print	0.00123477553928
visual literacy	0.00122529486722
macro data	0.00121592422042
reliability	0.00120645516471
aspect ratio	0.00120373581669
trustworthiness	0.00118763223657
panorama	0.00117694738252
view	0.00117694738252
legal value	0.00111823088225
fiscal value	0.00111823088225
diplomatics	0.00109382239793
entity of origin	0.00108550181789
collective record group	0.00108464688616
optical disk	0.00108008010511
intaglio	0.00107084611106
secondary value	0.00105208215338
computer output microfilm	0.00104151707341
step-and-repeat camera	0.00103680241564
continuing value	0.00102488141188
permanent value	0.00102488141188
serialized microform	0.0010127524635
unitized microform	0.0010127524635
aperture card	0.0010127524635
creator	0.000993398964895
microfiche	0.000987116179925
classification	0.000985892026086
map	0.000983455584116
office of origin	0.000978049825317
appraisal	0.000961661573884
informational value	0.000917317407251
planetary camera	0.0009170994371
rotary camera	0.0009170994371
flatbed camera	0.0009170994371
historical value	0.000914019470725
enduring value	0.000914019470725
intrinsic value	0.000898721914533
artifactual value	0.000898721914533
jacketed microfilm	0.000887492781473
line code index	0.000883215819109
camera microfilm	0.000874451554431
reader-printer	0.000874245695075
preservation microfilm	0.000861388256137
computer input microfilm	0.000861388256137
disposal microfilming	0.000861388256137
duplicating master	0.000861388256137
acquisition microfilm	0.000861388256137
diazo film	0.000861388256137
ammonia process	0.000861388256137
blip code	0.000861388256137
Copyflo	0.000861388256137
security microfilming	0.000861388256137
administrative microfilming	0.000861388256137
flow camera	0.000861388256137
custodial history	0.000859239690972
provenience	0.000846400768873
printing	0.000823077694286
authentication	0.000820008521192
evaluation	0.000815856569487
chart	0.000813297745897
globe	0.000813297745897
fair market value	0.000801502745829
evidential value	0.000789715395705
monetary value	0.000789715395705
associational value	0.000789715395705
Woodburytype	0.000787406245448
archival nature	0.000771312523195
alienation	0.000745247652344
vertical file	0.000739825119171
exposure	0.000739590499494
series	0.000733025791766
montage	0.000689262174587
replevin	0.000672500310386
estray	0.000672500310386
title	0.000659802389994
collodio-chloride photograph	0.000652058097629
ferrotype	0.000652058097629
e-	0.000607266749958
library	0.000594717183524
historical society	0.000585970936725
records center	0.000585970936725
depository	0.000585970936725
extrinsic element	0.000568955840505
weeding	0.000567927160988
permanent paper	0.000567289255168
docudrama	0.000561023259413
part	0.000541004990442
excerpt	0.000532929767517
system	0.000532702353341
description	0.000531538400841
durable paper	0.000514659786575
intellectual form	0.000508253911928
offprint	0.000506910113902
markup	0.000506841467782
protocol	0.000499507076073
exposition	0.000499507076073
eschatocol	0.000499507076073
final clauses	0.000499507076073
Permanence of Paper for Publications and Documents in Libraries and Archives	0.000486531041801
write	0.000471200503698
microfilm camera	0.000459359512131
restriction	0.000454978676795
kinescope	0.000451021760088
sensitive	0.000448753937728
bond paper	0.000445856099861
electronic imaging	0.000439657475877
administrative history	0.000435081907592
open	0.000428771247185
salvage plan	0.000424530184603
entity	0.000422541590961
Digital Object Identifier	0.000422541590961
digital entity	0.000422541590961
clearance	0.000409575925976
Toronto Tenets	0.000407955375063
admissibility	0.000406947446418
public	0.000403104841872
processing	0.000390031971635
Vandyke process	0.00038955114245
information system	0.000388822932846
classified	0.000376433407374
authorization	0.000369540305127
cartographic record	0.000366296792446
read	0.00036392683012
discrete item	0.000359963867249
general record group	0.000356252857808
subgroup	0.000356252857808
container	0.000355818111937
processable document	0.000345841233439
Hypertext Markup Language	0.00034169463706
decimal filing system	0.000332241254983
veracity	0.000318198478127
box file	0.00030822635245
relational database	0.000306670570059
restoration	0.000305597271353
compass rose	0.000304343065274
cartouche	0.000304343065274
content management	0.000292592696879
document management	0.000292592696879
notch code	0.000285845184907
digitization	0.000282717152695
feature	0.000269101082521
management	0.000260961194549
generation loss	0.000258715084908
home page	0.000245232280859
variorum edition	0.000232338403664
paper	0.000231984647226
subject-numeric filing system	0.000230563832287
accuracy	0.000229748160246
variant	0.000229579921361
completeness	0.000229133172311
black and white	0.000221181899581
mnemonic filing system	0.000218062219452
adequacy of documentation	0.000216627469352
valuation	0.000215606825709
descriptive element	0.000215495114992
mnemonic filing system 	0.000212673796113
alphanumeric filing system	0.000212673796113
alphabetic-subject filing system	0.000212673796113
duplex-numeric filing system 	0.000212673796113
numeric filing system 	0.000212673796113
file plan	0.000212673796113
subject-numeric filing system 	0.000212673796113
duplex-numeric filing system	0.000212673796113
recordkeeping system	0.000212673796113
numeric filing system	0.000212673796113
act	0.000210283582108
publicity rights	0.000208581862581
critical apparatus	0.000207550318207
practical obscurity	0.000204474578724
data protection	0.000204474578724
anonymity	0.000204474578724
sufficiency	0.000200368027794
office automation	0.000197243366515
conversion	0.000191678121218
office file	0.000190840696641
personal file	0.000190840696641
media migration	0.000188859126281
format migration	0.000188859126281
business activity structure classification system	0.000184182507339
verification	0.000182945994161
index	0.000179975812988
public meeting law	0.000177582046084
controlled vocabulary	0.000166050992112
valid	0.000165756120632
atlas	0.000163684320366
cursive	0.000162397525147
validation	0.000159077177807
geographic information system	0.000156196020938
closed	0.000152830565446
archival description	0.00015244622424
input	0.000152022624638
micro-opaque	0.000151364207366
other title information	0.000147901212876
subject classification	0.000147535885723
promptness	0.000146309692401
credibility	0.000144026928972
trustworthy information system	0.000144026928972
accountability	0.000144026928972
certification	0.000143025808949
documentation strategy	0.000142917643986
faceted classification	0.000140856685807
declassification	0.00013812961812
synthetic classification	0.000136648608392
security classification	0.000136317863918
compact disc	0.000134952101444
write once read many	0.000132968447242
general diplomatics	0.000132650445807
special diplomatics	0.000132650445807
decision support system	0.000129122890648
code	0.000127554978696
taxonomy	0.000127484358174
management information system	0.000127429236973
author	0.000126579904987
parallel title	0.000124087657375
fat file method	0.000120835168923
open system	0.000120656362193
coded classification	0.00011956745887
functional classification	0.00011956745887
class code	0.00011956745887
isopleth map	0.000119260661161
plat	0.000119260661161
cadastral map	0.000119260661161
plan	0.000119260661161
choropleth map	0.000119260661161
collection development	0.000118714433515
Open Archival Information System	0.000118612837621
reappraisal	0.0001184519555
functional analysis	0.000118414439994
macro appraisal	0.000116646521584
context analysis	0.000116646521584
use analysis	0.000116646521584
selection	0.000116646521584
content analysis	0.000116646521584
Extensible Markup Language	0.000116206885687
transaction processing system	0.000111772361733
executive support system	0.000111772361733
subtitle	0.00011092121241
title proper	0.000109265562213
printing dupe	0.000107711330651
microfilm jacket	0.000107620337991
microfilm strip	0.000107620337991
supplied title	0.000106151667185
microform reader	0.000106013970662
chain of custody	0.000105881665382
Extensible Hypertext Markup Language	0.000102917435393
records management	0.000102625912861
pressing	9.98156094641e-05
indenture	9.94448403874e-05
Encoded Archival Description	9.76341725077e-05
monetary appraisal	9.72191687038e-05
box	9.71827783555e-05
Standard Generalized Markup Language	9.54983842996e-05
file cabinet	9.42739826638e-05
inner title	9.34702538901e-05
uniform title	9.32694777219e-05
hierarchical description	9.040386913e-05
cataloging	8.98386381848e-05
underexposure	8.96910392325e-05
subseries	8.88954412841e-05
level of description	8.71762213773e-05
database	8.43519864839e-05
photomontage	8.3584943368e-05
key title	8.12134676463e-05
edutainment	8.01068744885e-05
infotainment	8.01068744885e-05
deed	8.00190720297e-05
collective title	8.00190720297e-05
alternative title	8.00190720297e-05
physical form	7.77485716295e-05
bibliographic description	7.73592202851e-05
multilevel description	7.54263077989e-05
depth of description	7.50349213035e-05
turnkey system	7.35306822059e-05
stand-alone system	7.35306822059e-05
electronic signature	7.2248017332e-05
digital library	7.21367714004e-05
form	7.21289369684e-05
annotation	7.13914093826e-05
biographical note	7.12585251529e-05
time stamp	7.11250155847e-05
medium	7.10928424195e-05
seal	7.10928424195e-05
special sign	6.90017357742e-05
script	6.90017357742e-05
mockumentary	6.8035911862e-05
open source software	6.68590256466e-05
electronic document management system	6.66033716699e-05
electronic information system	6.66033716699e-05
computer system	6.65732429582e-05
legacy system	6.65732429582e-05
volume	6.56082729434e-05
executive information system	6.55941457135e-05
electronic recordkeeping system	6.55941457135e-05
database management system	6.46150484687e-05
distributed system	6.46150484687e-05
expert system	6.46150484687e-05
interactive media	6.46150484687e-05
juridical system	6.46150484687e-05
experiential system	6.46150484687e-05
utility system	6.46150484687e-05
digital assets management system	6.46150484687e-05
document retrieval system	6.46150484687e-05
operating system	6.46150484687e-05
Paris Principles	6.44632005995e-05
collective description	6.44632005995e-05
General Public License	6.24044752819e-05
Text Encoding Initiative	6.14749032108e-05
open architecture	6.01102414963e-05
physical restriction note	5.60408093604e-05
administratively controlled information	5.51788462988e-05
closed file	5.51788462988e-05
donor restriction	5.51788462988e-05
document interchange	5.51593584451e-05
Open Archives Initiative	5.35906961601e-05
open standard	5.20026232914e-05
Open Source Initiative	5.20026232914e-05
scope and contents note	4.93293766599e-05
archival processing	4.80333397437e-05
security	4.62910721366e-05
section	4.62518961389e-05
catalog	4.61840795207e-05
classification scheme	4.44401219215e-05
profile	4.44236592044e-05
slipcase	4.31546358023e-05
tub file	4.31546358023e-05
can	4.31546358023e-05
portfolio	4.31546358023e-05
mend	4.21705723529e-05
repair	4.21705723529e-05
alteration	4.16665149359e-05
chain index	3.89087124939e-05
error	3.70525854315e-05
integrity	3.62135198286e-05
data entry	3.42833195197e-05
precision	3.41196960966e-05
intellectual property	3.38666943991e-05
chemical wood pulp	3.31199469132e-05
mechanical wood pulp	3.31199469132e-05
strategic information management	3.31128806524e-05
short	3.26338812208e-05
alkaline-reserve paper	3.25214633925e-05
acid-free paper	3.20731947211e-05
forms management	3.16519077991e-05
information management	3.16519077991e-05
authority file	2.98403182686e-05
series descriptive system	2.9449058383e-05
fanfold	2.89877298255e-05
monochrome	2.81779670652e-05
resin-coated paper	2.81287447742e-05
contact paper	2.81287447742e-05
cover paper 	2.81287447742e-05
cover paper	2.81287447742e-05
permanent paper 	2.81287447742e-05
rag paper	2.81287447742e-05
glassine	2.81287447742e-05
kraft paper	2.81287447742e-05
fidelity	2.78618567539e-05
keyword in context index	2.78203037818e-05
indexing	2.7645985461e-05
extent	2.70455818671e-05
finding aid	2.66984824605e-05
general material designation	2.65226576127e-05
documentation	2.62711224019e-05
statement of responsibility	2.61325951551e-05
body of the entry	2.61325951551e-05
technical access requirements note	2.61325951551e-05
area	2.61325951551e-05
compound act	2.55002912516e-05
mere act	2.55002912516e-05
simple act	2.55002912516e-05
permuted index	2.52011628759e-05
textual criticism	2.5168753803e-05
keyword out of context index	2.47642983027e-05
keyword and context index	2.47642983027e-05
thesaurus	2.46486745688e-05
Library of Congress Subject Headings	2.43764285488e-05
Art and Architecture Thesaurus	2.37548861417e-05
descriptive standard	2.35416893973e-05
persistent object preservation	2.32429109984e-05
general index	2.28427318452e-05
disjoined hand	2.24118515192e-05
handwriting	2.24118515192e-05
phonetic index	2.21533706042e-05
analysis	2.18562628653e-05
rotated index	2.18275629717e-05
classified index	2.18275629717e-05
closed index	2.18275629717e-05
analytical index	2.18275629717e-05
cumulative index	2.18275629717e-05
double lookup index	2.18275629717e-05
card index	2.18275629717e-05
open index	2.18275629717e-05
Manual of Archival Description	2.13409723207e-05
Rules for Archival Description	2.13409723207e-05
ontology	2.08478610419e-05
Thesaurus for Geographic Names	2.01359925225e-05
index term	2.01359925225e-05
vocabulary	2.01359925225e-05
Thesaurus for Graphic Materials	2.01359925225e-05
descriptor	2.01359925225e-05
well formed	2.01014158986e-05
Disneyfication	1.94294587492e-05
copyright	1.89173995731e-05
Anglo-American Cataloguing Rules	1.78859252849e-05
sampling	1.77315746544e-05
writer	1.7467630307e-05
addressee	1.7467630307e-05
certificate	1.73448544657e-05
character set	1.72471746946e-05
cryptography	1.72050842372e-05
acquisition	1.70486084852e-05
systematic sampling	1.68013355746e-05
downgrade	1.67504050478e-05
hardware dependent	1.66490733774e-05
software dependent	1.66490733774e-05
bibliography	1.65032154513e-05
card catalog	1.6495144727e-05
ingest	1.64498586259e-05
document management application	1.63916257947e-05
read-only memory	1.63746671238e-05
High Sierra	1.63659208109e-05
Photo CD	1.63659208109e-05
computer	1.61432568764e-05
law	1.59401981112e-05
Archives, Personal Papers, and Manuscripts	1.5918666682e-05
online analytical processing	1.56568752396e-05
program	1.54678428172e-05
director	1.53491395778e-05
deaccessioning	1.48839107539e-05
function	1.45746116261e-05
automatic indexing	1.43279904664e-05
simple object access protocol	1.4090828396e-05
Solander box	1.38751163919e-05
document case	1.38751163919e-05
intermediate	1.3791597637e-05
custody	1.37601093378e-05
caption	1.34511818604e-05
document box	1.34106737791e-05
archives box	1.34106737791e-05
descriptive cataloging	1.30636455451e-05
pigeonhole	1.30088932597e-05
flat filing	1.30088932597e-05
immutability	1.22641265173e-05
preservation	1.21537259623e-05
pamphlet box	1.19600790527e-05
Bankers Box	1.17841862571e-05
phase box	1.17841862571e-05
records center box	1.17841862571e-05
flip-top box	1.17841862571e-05
transfer file	1.17841862571e-05
Paige Box	1.17841862571e-05
document type definition	1.15804012633e-05
bibliographic utility	1.14460329001e-05
lateral file	1.1431090816e-05
fixity	1.10951171359e-05
authority control	1.08945660731e-05
search	9.88636386697e-06
gloss	9.85211009684e-06
marginalia	9.85211009684e-06
International Standard Serial Number	9.84838626037e-06
intellectual control	9.33123676271e-06
digital certificate	9.11401190637e-06
digital signature	8.89191549934e-06
signature	8.76114445796e-06
chronological file	8.75370340744e-06
stamp	8.75370340744e-06
transmission form	8.74683585527e-06
sigillography	8.62106361986e-06
electronic seal	8.62106361986e-06
media	8.62106361986e-06
carrier	8.62106361986e-06
shelving	8.44228696569e-06
union catalog	8.37053727156e-06
data warehouse	8.07162843818e-06
records management application	8.07162843818e-06
pulp	8.034070891e-06
moral rights	7.28493888142e-06
Visual Artists Rights Act	7.28493888142e-06
note	7.10728329671e-06
digital rights management	7.00257249106e-06
Portable Document Format	6.78871827335e-06
Electronic Data Interchange	6.6888784325e-06
range	6.63259563116e-06
EPrints	6.59536836266e-06
Open Archives Forum	6.4983724328e-06
performance rights	6.40151764303e-06
cultural property rights	6.40151764303e-06
abstract	6.16384887749e-06
residual hypo test	6.03011273565e-06
contents note	5.98254705904e-06
dictionary catalog	5.60057865396e-06
catalogue raisonné	5.60057865396e-06
National Union Catalog	5.60057865396e-06
online public access catalog	5.60057865396e-06
divided catalog	5.60057865396e-06
National Union Catalog of Manuscript Collections	5.60057865396e-06
standard	5.47073525986e-06
Subject Cataloging Manual: Subject Headings	5.12540476578e-06
extraction indexing	5.0901160532e-06
assignment indexing	5.0901160532e-06
amendment	5.05296844858e-06
benchmark	5.05036369829e-06
rights management	4.95646049055e-06
relevant	4.78123503378e-06
recall	4.71758737029e-06
archival integrity	4.4572442482e-06
infringement	4.16951977798e-06
patent	4.16859081879e-06
buffer	4.14535030633e-06
inventory	4.12734928652e-06
trademark	4.10728385749e-06
cost-avoidance justification	4.01499932698e-06
cost-benefit analysis	4.01499932698e-06
risk analysis	4.01499932698e-06
orthochromatic	3.88916631077e-06
panchromatic	3.88916631077e-06
cross-reference	3.88581129175e-06
calendar	3.79421292925e-06
count	3.78918253566e-06
dimension	3.7394825627e-06
name authority file	3.61889361922e-06
Union List of Artist Names	3.61889361922e-06
printout	3.56846800527e-06
continuous forms	3.51598647567e-06
Guidelines for the Construction, Format, and Management of Monolingual Thesauri	3.48473119565e-06
color	3.41756425986e-06
clamshell case	3.36563206568e-06
precoordinate indexing	3.35241266734e-06
self-indexing files	3.35241266734e-06
coordinate indexing system	3.35241266734e-06
specificity of indexing	3.35241266734e-06
depth indexing	3.35241266734e-06
postcoordinate indexing	3.35241266734e-06
concept indexing	3.35241266734e-06
guide	3.28622576428e-06
register	3.237895713e-06
special list	3.237895713e-06
specific material designation	3.21655830833e-06
MARC	3.07472600954e-06
full-text search	2.98057033502e-06
Describing Archives: A Content Standard	2.8976362084e-06
Rules for Archival Description 	2.85502113696e-06
General International Standard for Archival Description	2.85502113696e-06
Manual of Archival Description 	2.85502113696e-06
accrual	2.73941648758e-06
accretion	2.70348471031e-06
Soundex	2.68636284251e-06
public key cryptography	2.66052281002e-06
in-analytic	2.65062339693e-06
checklist	2.53931523406e-06
accession	2.50222110971e-06
symmetric-key encryption	2.47786854044e-06
ciphertext	2.45681645053e-06
plaintext	2.45681645053e-06
click-wrap license	2.37438648927e-06
collective work	2.32847839087e-06
compulsory rights	2.29423378555e-06
Eldred v. Ashcroft	2.29423378555e-06
fair use	2.29423378555e-06
literary works	2.29423378555e-06
first sale doctrine	2.29423378555e-06
mechanical rights	2.29423378555e-06
derivative work	2.29423378555e-06
joint work	2.29423378555e-06
Berne Convention for the Protection of Literary and Artistic Works	2.29423378555e-06
encryption	2.18740840012e-06
exemplary sampling	2.1507456316e-06
census	2.1507456316e-06
illustrative sampling	2.1507456316e-06
exceptional sampling	2.1507456316e-06
direct duplication	2.14103640081e-06
bit	2.12295690299e-06
ASCII	2.09173480925e-06
EBCDIC	2.09173480925e-06
Unicode	2.09173480925e-06
alphanumeric	2.09173480925e-06
Information Technology  8-bit Single-byte Coded Graphic Character Sets	2.09173480925e-06
control character	2.09173480925e-06
dual-key encryption	2.0866267717e-06
firmware	2.055775578e-06
discography	2.00145361247e-06
descriptive bibliography	2.00145361247e-06
analytical bibliography	2.00145361247e-06
filmography	2.00145361247e-06
textual bibliography	2.00145361247e-06
version control	1.98832320112e-06
regulation	1.96207908859e-06
slip law	1.93322300963e-06
internegative	1.93205773486e-06
interpositive	1.93205773486e-06
postcustodial theory of archives	1.8992190213e-06
legal custody	1.8992190213e-06
physical custody	1.8992190213e-06
noncustodial records	1.8992190213e-06
withdrawal	1.80543391544e-06
competence	1.79430749603e-06
reference	1.70678562438e-06
public key infrastructure	1.60934104689e-06
Research Libraries Group	1.57968784631e-06
Research Libraries Information Network	1.57968784631e-06
Princeton file	1.45059472644e-06
physical control	1.44870672902e-06
OCLC Online Computer Library Center	1.38812150166e-06
stability	1.34552120317e-06
administrative control	1.30731532222e-06
process control	1.30731532222e-06
certificate authority	1.30049869068e-06
browse	1.19903194507e-06
message digest	1.07840228364e-06
reading file	1.06163990522e-06
emboss	1.06163990522e-06
data structure standard	1.03628876412e-06
bay	1.02385734016e-06
compact shelving	1.02385734016e-06
honeycombing	1.02385734016e-06
double shelving	1.02385734016e-06
stacks	1.02385734016e-06
row	1.02385734016e-06
compartment	1.02385734016e-06
run	1.02385734016e-06
back-to-back shelving	1.02385734016e-06
shelf	1.02385734016e-06
open shelf filing	1.02385734016e-06
broader term	9.9921362778e-07
data mining	9.79097244752e-07
Design Criteria for Electronic Records Management Software Applications	9.79097244752e-07
related term	9.32605424294e-07
narrower term	8.93788427056e-07
upward reference	8.6930859659e-07
numbering note	8.6196306165e-07
methylene-blue test	8.57853676596e-07
densitometric method (silver)	8.35349895132e-07
Acrobat	8.23330212246e-07
preprint	7.99918613441e-07
policy	7.79651435088e-07
procedure	7.69289541684e-07
de facto standard	7.54984260835e-07
best practices	7.54984260835e-07
brief	7.47460001189e-07
extract	7.47460001189e-07
gray scale	7.21131213152e-07
step wedge	7.21131213152e-07
technical standard	6.63423621475e-07
de jure standard	6.63423621475e-07
convention	6.63423621475e-07
content standard	6.63423621475e-07
guideline	6.63423621475e-07
data value standard	6.63423621475e-07
use reference	6.29554105967e-07
used for reference	6.29554105967e-07
color bars	6.12467565271e-07
cryptanalysis	5.95851050513e-07
discovery	5.88481831371e-07
pH	5.80687202267e-07
downward reference	5.76639066279e-07
alkali	5.73071026031e-07
key	5.6572983171e-07
file integrity	5.40534679448e-07
piracy	5.13162882747e-07
land grant	5.05503281399e-07
calcium carbonate reserve	5.02641721523e-07
chronological inventory	5.00516314106e-07
preliminary inventory	5.00516314106e-07
see reference	4.71213865555e-07
syndetic relationships	4.71213865555e-07
see also reference	4.71213865555e-07
analytical inventory	4.60115216645e-07
piece count	4.5950682101e-07
typescript	4.32674100634e-07
metadata	4.02459524151e-07
summary guide	3.98508918697e-07
MARC Format for Archival and Manuscripts Control	3.72865142646e-07
keyword	3.61429429118e-07
Canadian-United States Task Force on Archival Description	3.51389981177e-07
license	3.32637385832e-07
open file	3.32171872449e-07
shrink-wrap license	3.2827448876e-07
public key	3.22630110884e-07
private key	3.22630110884e-07
equivalence relation	3.20084587102e-07
list	3.07937829692e-07
registration	3.03400907347e-07
software	2.92445052031e-07
hardware	2.84773512014e-07
compilation	2.82366390362e-07
decoding	2.65251434304e-07
byte	2.57435434981e-07
administrative regulation	2.37927210208e-07
mandate	2.17540959059e-07
name-title reference	2.1510782775e-07
reference interview	2.100689814e-07
reader service	2.06979544465e-07
Information Technology  Open Systems Interconnection  The Directory: Public-key and Attribute Certificate Frameworks	1.95161762518e-07
densitometer	1.74905124633e-07
microfilm inspection	1.04028493288e-07
fixer	1.04028493288e-07
access policy	9.45521513663e-08
acquisition policy	9.45521513663e-08
executive procedure	9.32954961561e-08
production	7.13662991408e-08
acid	7.04293045079e-08
bootleg	6.22359204903e-08
descriptive metadata	4.8808608275e-08
administrative metadata	4.8808608275e-08
preservation metadata	4.8808608275e-08
structural metadata	4.8808608275e-08
Dublin Core	4.8808608275e-08
permit	4.03409138812e-08
computer program	3.54651801166e-08
application	3.54651801166e-08
entry	3.50398788327e-08
access point	3.19870079539e-08
exit interview	2.54760856782e-08
heading	9.73140523465e-09
complex entry	5.4294143391e-09
inverted entry	5.4294143391e-09
subject entry	4.2492497449e-09
open entry	4.2492497449e-09
added entry	4.2492497449e-09
title entry	4.2492497449e-09
main entry	4.2492497449e-09
nominal access point	3.87903354018e-09
direct entry	1.18016459421e-09
subheading	1.18016459421e-09
ledger	3.94625049406e-34
account book	3.43671845137e-34
daybook	3.32987326156e-34
journal	2.63407725163e-34
cash book	2.56927287294e-34
waste book	2.40239934126e-34
shop book	2.08194800837e-34
original entry	1.29792312006e-34
magazine	6.72793819086e-35
diary	6.31733679735e-35
serial	1.71204389575e-35
issue	4.10601393509e-36
date	1.79863158832e-45
topical date	7.89063085237e-46
bulk dates	7.89063085237e-46
chronological date	7.89063085237e-46
inclusive dates	7.89063085237e-46
production date	5.48454905016e-46
broadcast date	5.48454905016e-46
access date	5.48454905016e-46
release date	5.48454905016e-46
content date	5.48454905016e-46
nearline storage	5.22366012182e-50
hierarchical storage management	5.22366012182e-50
offline storage	5.22366012182e-50
online storage	5.22366012182e-50
correspondence	3.79228777081e-52
disposition	2.96425715864e-52
destruction	2.96425715864e-52
mail	2.78852033704e-52
letter	2.62643523953e-52
disposal	2.37044326831e-52
out letter	2.04350897389e-52
in letter	2.04350897389e-52
electronic mail	1.54465670236e-52
general correspondence file	1.32793762879e-52
shredding	1.03947568697e-52
pulping	1.03947568697e-52
select and dispose	1.03947568697e-52
deletion	1.03947568697e-52
retirement	1.03947568697e-52
maceration	1.03947568697e-52
memorandum	9.19693439666e-53
transfer	8.31243044344e-53
PROFS case	5.40889268586e-53
PROFS Case	5.40889268586e-53
Multipurpose Internet Messaging Extensions	5.40889268586e-53
archivist	6.38831641697e-57
manuscript curator	4.88360765952e-57
records manager	4.81558535893e-57
curator	4.35729947085e-57
records analyst	3.03457508296e-57
records officer	3.03457508296e-57
librarian	2.46948147933e-57
sharpness	2.02584023206e-57
acutance	2.02584023206e-57
historical manuscripts tradition	1.88781799152e-57
resolution	1.63640093895e-57
focus	1.27766324455e-57
joint resolution	1.13761628062e-57
concurrent resolution	1.13761628062e-57
simple resolution	1.13761628062e-57
blur	8.88223951446e-58
soft focus	8.88223951446e-58
hub	8.64554816912e-58
reel	6.88787879765e-58
flange	6.12065399505e-58
tape	5.56465262102e-58
open reel	5.51355899465e-58
audiotape	5.35843303898e-58
pancake	3.40556077707e-58
spool	2.71509321798e-58
Compact Cassette	2.49555200432e-58
paper tape	2.1979646083e-58
videotape	2.1979646083e-58
magnetic tape	2.1979646083e-58
digital audio tape	2.1979646083e-58
cassette	9.85364592993e-59
Preservation Environment Monitor	1.08329200053e-61
accelerated aging test	9.18420294744e-62
time-weighted preservation index	8.08327243343e-62
preservation index	8.08327243343e-62
Arrhenius function	5.858334247e-62
life expectancy	4.80135742189e-62
cold storage	4.52518402815e-62
acclimation	2.36570389899e-62
conditioning	2.36570389899e-62
extended-term storage	2.05170985e-62
staging	1.01090546522e-62
reconditioning	1.01090546522e-62
mount	2.05643651381e-64
wet mount	1.6934884943e-64
dry mount	1.6934884943e-64
mat	1.16663098493e-64
sink mat	5.26857509365e-65
direct access	2.09487470627e-65
Internet	2.09487470627e-65
random access	1.79035885827e-65
sequential access	1.79035885827e-65
extranet	1.79035885827e-65
intranet	1.79035885827e-65
indirect access	9.65341574717e-66
World Wide Web	9.65341574717e-66
cellulose acetate	2.97081188197e-69
cellulose	2.97081188197e-69
variable-length field	2.22810891148e-69
historiated	2.22810891148e-69
tarnish	2.22810891148e-69
accompanying material	2.22810891148e-69
silver mirroring	2.22810891148e-69
silking	2.22810891148e-69
illumination	2.22810891148e-69
online	2.22810891148e-69
lamination	2.22810891148e-69
encapsulation	2.22810891148e-69
annex	2.22810891148e-69
fixed-length field	2.22810891148e-69
offline	2.22810891148e-69
attachment	2.22810891148e-69
bronzing	2.22810891148e-69
variable-occurrence field	2.22810891148e-69
nearline	2.22810891148e-69
versal	2.22810891148e-69
data element	2.22810891148e-69
field	2.22810891148e-69
alpha cellulose	1.48540594098e-69
safety film	1.48540594098e-69
cellulose nitrate	1.48540594098e-69
vinegar syndrome	1.48540594098e-69
information architecture	6.71754806975e-71
network architecture	5.29796312805e-71
enterprise architecture	5.29796312805e-71
data architecture	3.87837818636e-71
technical reference model	2.45879324467e-71
Open Systems Interconnection Reference Model	2.45879324467e-71
album	4.43986900333e-73
JPEG	4.43986900333e-73
pack	4.43986900333e-73
records continuum	4.43986900333e-73
compression	4.43986900333e-73
buckle	4.43986900333e-73
life cycle	4.43986900333e-73
phonograph record	4.43986900333e-73
records maintenance and use	3.13946147983e-73
long-playing record	3.13946147983e-73
channeling	3.13946147983e-73
cockle	3.13946147983e-73
sound recording	3.13946147983e-73
records creation	3.13946147983e-73
lossless	3.13946147983e-73
lossy	3.13946147983e-73
Joint Photographic Experts Group	1.83905395634e-73
cinching	1.83905395634e-73
life continuum	1.83905395634e-73
scrapbook	1.83905395634e-73
hypermedia	3.99249737052e-76
archivy	2.99437302789e-76
hyper-	2.99437302789e-76
name	2.99437302789e-76
sheet	2.99437302789e-76
printer	2.99437302789e-76
direct positive	2.99437302789e-76
multimedia	2.99437302789e-76
scanner	2.99437302789e-76
two-dimensional	2.99437302789e-76
archival studies	2.99437302789e-76
laser printer	2.99437302789e-76
inkjet printer	2.99437302789e-76
archives management	2.99437302789e-76
rotary scanner	2.99437302789e-76
reversal film	2.99437302789e-76
variant name	2.99437302789e-76
archival science	2.99437302789e-76
planar	2.99437302789e-76
negative-positive process	2.99437302789e-76
bar code	2.99437302789e-76
file name	2.99437302789e-76
lateral reversal	2.99437302789e-76
paper sizes	2.99437302789e-76
impact printer	2.99437302789e-76
flatbed scanner	2.99437302789e-76
personal name	2.99437302789e-76
hypertext	1.99624868526e-76
mixed media	1.99624868526e-76
National Historical Publications and Records Commission	1.95779672832e-79
National Archives and Records Administration	1.95779672832e-79
Uniform Resource Locator	1.95779672832e-79
thermohygrometer	1.95779672832e-79
Uniform Resource Identifier	1.95779672832e-79
hygrometer	1.95779672832e-79
hygrothermograph	1.20998492117e-79
psychrometer	1.20998492117e-79
Uniform Resource Name	1.20998492117e-79
Presidential Records Act	1.20998492117e-79
Persistent Uniform Resource Locator	1.20998492117e-79
State Historical Records Advisory Board	1.20998492117e-79
archival quality	6.18424453723e-86
floppy disk	6.18424453723e-86
magnetic disk	6.18424453723e-86
hearing	6.18424453723e-86
master	6.18424453723e-86
recto	6.18424453723e-86
U-matic	6.18424453723e-86
Fedora	6.18424453723e-86
Mylar	6.18424453723e-86
matte	6.18424453723e-86
website	6.18424453723e-86
territorial pertinence	6.18424453723e-86
videocassette	6.18424453723e-86
automatic data processing	6.18424453723e-86
data processing	6.18424453723e-86
disinfection	6.18424453723e-86
distributor	6.18424453723e-86
dynamic website	6.18424453723e-86
glossy	6.18424453723e-86
barrier sheet	6.18424453723e-86
institutional repository	6.18424453723e-86
bitmap	6.18424453723e-86
disinfestation	6.18424453723e-86
verso	6.18424453723e-86
toponymy	6.18424453723e-86
interleaving	6.18424453723e-86
linear foot	6.18424453723e-86
cubic foot	6.18424453723e-86
film footage	6.18424453723e-86
publisher	6.18424453723e-86
executive session	6.18424453723e-86
obverse	6.18424453723e-86
flutter	6.18424453723e-86
distortion	6.18424453723e-86
static website	6.18424453723e-86
anthronymy	6.18424453723e-86
permanence	6.18424453723e-86
wow	6.18424453723e-86
fumigation	6.18424453723e-86
pertinence	6.18424453723e-86
general records schedule	6.18424453723e-86
edited master	6.18424453723e-86
protection master	6.18424453723e-86
ferrotyping	6.18424453723e-86
raster graphic	6.18424453723e-86
producer	6.18424453723e-86
pixel	6.18424453723e-86
archival	6.18424453723e-86
Melinex	6.18424453723e-86
retention schedule	6.18424453723e-86
DSpace	6.18424453723e-86
hard drive	6.18424453723e-86
polyester	6.18424453723e-86
onomastics	6.18424453723e-86
slip sheet	6.18424453723e-86
schedule	6.18424453723e-86
functional pertinence	6.18424453723e-86
Video Home System	6.18424453723e-86
electronic data processing	6.18424453723e-86
public hearing	6.18424453723e-86
natural language	1.71647266879e-102
upload	1.71647266879e-102
humidity	1.71647266879e-102
interfile	1.71647266879e-102
subject access	1.71647266879e-102
granularity	1.71647266879e-102
intelligent character recognition	1.71647266879e-102
powdering	1.71647266879e-102
record type	1.71647266879e-102
certified records manager	1.71647266879e-102
brightness	1.71647266879e-102
stamping	1.71647266879e-102
Conférence internationale de la Table Ronde des Archives 	1.71647266879e-102
Rare Book and Manuscript Section	1.71647266879e-102
gelatin emulsion	1.71647266879e-102
circulation record	1.71647266879e-102
refile	1.71647266879e-102
memorial	1.71647266879e-102
stationery binding	1.71647266879e-102
Federal Records Act	1.71647266879e-102
shadow	1.71647266879e-102
editor	1.71647266879e-102
archive	1.71647266879e-102
marking	1.71647266879e-102
stop list	1.71647266879e-102
collage	1.71647266879e-102
application program interface	1.71647266879e-102
checksum	1.71647266879e-102
literary warrant	1.71647266879e-102
terminal	1.71647266879e-102
business process	1.71647266879e-102
flaking	1.71647266879e-102
false hit	1.71647266879e-102
petition	1.71647266879e-102
information science	1.71647266879e-102
ultrafiche	1.71647266879e-102
pixel depth	1.71647266879e-102
Japan ink	1.71647266879e-102
draft	1.71647266879e-102
label	1.71647266879e-102
primary source	1.71647266879e-102
vital statistics	1.71647266879e-102
grain	1.71647266879e-102
model	1.71647266879e-102
change management	1.71647266879e-102
lead-in vocabulary	1.71647266879e-102
programming language	1.71647266879e-102
placard	1.71647266879e-102
reduction ratio	1.71647266879e-102
bit depth	1.71647266879e-102
index vocabulary	1.71647266879e-102
staging area	1.71647266879e-102
foolscap	1.71647266879e-102
inalienability	1.71647266879e-102
radiograph	1.71647266879e-102
contrast	1.71647266879e-102
action	1.71647266879e-102
magnification	1.71647266879e-102
text processing	1.71647266879e-102
Records Disposal Act of 1943	1.71647266879e-102
Institute of Certified Records Managers	1.71647266879e-102
lateral cut recording	1.71647266879e-102
subject file	1.71647266879e-102
microenvironment	1.71647266879e-102
vellum	1.71647266879e-102
environmental control	1.71647266879e-102
polyethylene	1.71647266879e-102
records survey	1.71647266879e-102
secondary source	1.71647266879e-102
emulsion	1.71647266879e-102
hit	1.71647266879e-102
justification	1.71647266879e-102
genre	1.71647266879e-102
dumb terminal	1.71647266879e-102
optical character recognition	1.71647266879e-102
binding	1.71647266879e-102
person	1.71647266879e-102
physical record	1.71647266879e-102
data archive	1.71647266879e-102
go list	1.71647266879e-102
red rot	1.71647266879e-102
bulk eraser	1.71647266879e-102
vertical cut recording	1.71647266879e-102
certified archivist	1.71647266879e-102
informatics	1.71647266879e-102
data model	1.71647266879e-102
page	1.71647266879e-102
block	1.71647266879e-102
poster	1.71647266879e-102
Academy of Certified Archivists	1.71647266879e-102
middleware	1.71647266879e-102
highlight	1.71647266879e-102
x-ray	1.71647266879e-102
iron-gall ink	1.71647266879e-102
relative humidity	1.71647266879e-102
case file	1.71647266879e-102
digital watermark	1.71647266879e-102
mimeograph	1.71647266879e-102
transmission	1.71647266879e-102
business process reengineering	1.71647266879e-102
assemblage	1.71647266879e-102
download	1.71647266879e-102
Tyvek	1.71647266879e-102
survey	1.71647266879e-102
provenance access	1.71647266879e-102
red tape	1.71647266879e-102
degaussing	1.71647266879e-102
bureaucracy	1.71647266879e-102
pagination	1.71647266879e-102
tag	1.71647266879e-102
hydrophilic	1.71647266879e-102
chargeout	1.71647266879e-102
peeling	1.71647266879e-102
watermark	1.71647266879e-102
word processing	1.71647266879e-102
legal size	1.71647266879e-102
foliation	1.71647266879e-102
hygroscopic	1.71647266879e-102
crayon enlargement	1.71647266879e-102
inviolability	1.71647266879e-102
documentary editing	1.71647266879e-102
mass deacidification	1.71647266879e-102
error detection and correction code	1.71647266879e-102
stencil process	1.71647266879e-102
ars dictaminis	1.71647266879e-102
transaction	1.71647266879e-102
International Council on Archives	1.71647266879e-102
parchment	1.71647266879e-102
deacidification	1.71647266879e-102
leaf	1.71647266879e-102
archival storage conditions	1.71647266879e-102
American Library Association	1.71647266879e-102
formulary	1.71647266879e-102
systematic management	1.71647266879e-102
juridical person	1.71647266879e-102
enlargement	1.71647266879e-102
civil register	1.71647266879e-102
